{"train": {"rew_tracking_lin_vel": 0.6734763383865356, "rew_tracking_ang_vel": 0.6019837260246277, "rew_lin_vel_z": -0.008156259544193745, "rew_ang_vel_xy": -0.02514912560582161, "rew_torques": -0.1597001850605011, "rew_dof_vel": -0.043097469955682755, "rew_dof_acc": -0.4737462103366852, "rew_collision": -1.3599998950958252, "rew_action_rate": -0.7785949110984802, "rew_tracking_contacts_shaped_force": -2.724900245666504, "rew_tracking_contacts_shaped_vel": -0.8064164519309998, "rew_jump": -0.5270726084709167, "rew_dof_pos_limits": 0.0, "rew_feet_slip": -0.05005163699388504, "rew_feet_clearance_cmd_linear": -4.073628902435303, "rew_action_smoothness_1": -0.3619537353515625, "rew_action_smoothness_2": -1.0802987813949585, "rew_raibert_heuristic": -3.9854073524475098, "rew_orientation_control": -3.363070011138916, "rew_total": 0.03427933156490326, "min_command_duration": 0.5, "max_command_duration": 0.5, "min_command_bound": 0.0, "max_command_bound": 0.5, "min_command_offset": 0.0, "max_command_offset": 0.5, "min_command_phase": 0.0, "max_command_phase": 0.5, "min_command_freq": 2.0003576278686523, "max_command_freq": 3.999175548553467, "min_command_x_vel": -1.1897597312927246, "max_command_x_vel": 1.1884127855300903, "min_command_y_vel": -0.5994702577590942, "max_command_y_vel": 0.5995535850524902, "min_command_yaw_vel": -1.1896607875823975, "max_command_yaw_vel": 1.1895264387130737, "min_command_swing_height": 0.0300269965082407, "max_command_swing_height": 0.3495769798755646, "command_area_pronk": 0.05668934240362812, "command_area_trot": 0.05668934240362812, "command_area_pace": 0.05668934240362812, "command_area_bound": 0.05668934240362812, "min_action": -4.5647873878479, "max_action": 4.216737747192383}, "_timestamp": 1680738712.447148, "_runtime": 42.37537717819214, "_step": 191}